app,samples,minutes
How to Power BI - YouTube - Google Chrome,11,2.75
Microsoft To Do,8,2.0
pet_tracker - Visual Studio Code,6,1.5
how to power bi kpi - YouTube - Google Chrome,5,1.25
BITrial,4,1.0
PERSONALIZE VISUALS and PERSPECTIVES in Power BI - Make every report viewer happy :) - YouTube - Google Chrome,4,1.0
how to power bi channel kpi - YouTube - Google Chrome,3,0.75
A CARD VISUAL you havenâ€™t SEEN before | MULTIPLE KPIs with line breaks ON HOVER in Power BI - YouTube - Google Chrome,3,0.75
"Inbox (6,856) - 4sharu4@gmail.com - Gmail - Google Chrome",2,0.5
Improve your VISUALS I How to turn a MEASURE into a KPI in Power BI - YouTube - Google Chrome,2,0.5
GitHub README creation - Google Chrome,1,0.25
youtube.com/watch?v=BYTxPFj44uo&list=RDBYTxPFj44uo&start_radio=1 - Google Chrome,1,0.25
Build THIS! Report DESIGN in Power BI | FULL TUTORIAL - YouTube - Google Chrome,1,0.25
